Names,Mean
EU,49.13655997831066
ED,45.57097987785369
Spot,145.70406908396015
LU,48.93984284303657
LD,67.52041723116469
