{
    "1-1-1": {
        "EU": 4829.19,
        "ED": 8336.83,
        "Spot": 871.55,
        "LU": 800.82,
        "LD": 2836.1,
        "Objective": 17674.49,
        "Runtime": 0.034572,
        "RuntimeClustering": 0.10185
    },
    "1-2-4": {
        "EU": 7158.99,
        "ED": 0.0,
        "Spot": 584.47,
        "LU": 1568.59,
        "LD": 8730.98,
        "Objective": 18043.03,
        "Runtime": 0.059242,
        "RuntimeClustering": 0.252628
    },
    "1-5-25": {
        "EU": 7063.27,
        "ED": 0.0,
        "Spot": 1340.09,
        "LU": 2314.27,
        "LD": 11446.07,
        "Objective": 22163.71,
        "Runtime": 0.596525,
        "RuntimeClustering": 2.868922
    },
    "1-5-25 0": {
        "EU": 26356.28,
        "ED": 21296.31,
        "Spot": 596.65,
        "LU": 0.0,
        "LD": 0.0,
        "Objective": 48249.23,
        "Runtime": 0.662929,
        "RuntimeClustering": 2.76417
    },
    "1-5-25 1": {
        "EU": 12349.72,
        "ED": 22084.66,
        "Spot": 568.64,
        "LU": 0.0,
        "LD": 0.0,
        "Objective": 35003.01,
        "Runtime": 0.601276,
        "RuntimeClustering": 2.58239
    },
    "1-5-25 2": {
        "EU": 0.0,
        "ED": 11311.94,
        "Spot": 2376.75,
        "LU": 7732.8,
        "LD": 2464.05,
        "Objective": 23885.54,
        "Runtime": 0.62744,
        "RuntimeClustering": 2.827183
    },
    "1-10-100": {
        "EU": 12349.72,
        "ED": 22084.66,
        "Spot": 644.16,
        "LU": 0.0,
        "LD": 0.0,
        "Objective": 35078.53,
        "Runtime": 5.479507,
        "RuntimeClustering": 27.306455
    },
    "1-10-100 0": {
        "EU": 301.26,
        "ED": 37610.91,
        "Spot": 2080.71,
        "LU": 7693.02,
        "LD": 0.0,
        "Objective": 47685.91,
        "Runtime": 5.723114,
        "RuntimeClustering": 24.045599
    },
    "1-10-100 1": {
        "EU": 17381.98,
        "ED": 0.0,
        "Spot": 648.07,
        "LU": 0.0,
        "LD": 12324.47,
        "Objective": 30354.52,
        "Runtime": 5.424823,
        "RuntimeClustering": 24.523197
    },
    "1-10-100 2": {
        "EU": 17664.54,
        "ED": 0.0,
        "Spot": 620.44,
        "LU": 0.0,
        "LD": 12286.0,
        "Objective": 30570.98,
        "Runtime": 5.45203,
        "RuntimeClustering": 25.727379
    },
    "1-15-225": {
        "EU": 12294.93,
        "ED": 22084.66,
        "Spot": 715.64,
        "LU": 23.55,
        "LD": 0.0,
        "Objective": 35118.77,
        "Runtime": 24.639522,
        "RuntimeClustering": 86.945509
    },
    "1-15-225 0": {
        "EU": 11900.86,
        "ED": 23534.28,
        "Spot": 770.8,
        "LU": 57.71,
        "LD": 0.0,
        "Objective": 36263.65,
        "Runtime": 26.469632,
        "RuntimeClustering": 60.551914
    },
    "1-15-225 1": {
        "EU": 0.0,
        "ED": 4732.62,
        "Spot": 3145.05,
        "LU": 7546.2,
        "LD": 8542.57,
        "Objective": 23966.43,
        "Runtime": 30.168017,
        "RuntimeClustering": 61.309432
    },
    "1-15-225 2": {
        "EU": 0.0,
        "ED": 0.0,
        "Spot": 2840.83,
        "LU": 7804.61,
        "LD": 12457.09,
        "Objective": 23102.53,
        "Runtime": 26.36897,
        "RuntimeClustering": 59.330879
    },
    "1-20-400": {
        "EU": 1027.23,
        "ED": 0.0,
        "Spot": 2489.27,
        "LU": 7292.99,
        "LD": 12796.83,
        "Objective": 23606.32,
        "Runtime": 70.570403,
        "RuntimeClustering": 86.66639
    },
    "1-20-400 0": {
        "EU": 0.0,
        "ED": 7385.14,
        "Spot": 3237.28,
        "LU": 7588.95,
        "LD": 6255.54,
        "Objective": 24466.91,
        "Runtime": 75.212131,
        "RuntimeClustering": 54.650294
    },
    "1-20-400 1": {
        "EU": 11306.16,
        "ED": 18595.41,
        "Spot": 765.69,
        "LU": 554.53,
        "LD": 0.0,
        "Objective": 31221.8,
        "Runtime": 72.031018,
        "RuntimeClustering": 51.453161
    },
    "1-20-400 2": {
        "EU": 0.0,
        "ED": 0.0,
        "Spot": 3208.61,
        "LU": 7599.89,
        "LD": 12826.93,
        "Objective": 23635.43,
        "Runtime": 81.66619,
        "RuntimeClustering": 49.323504
    },
    "1-25-625": {
        "EU": 9570.27,
        "ED": 857.89,
        "Spot": 1209.94,
        "LU": 1510.32,
        "LD": 12107.69,
        "Objective": 25256.11,
        "Runtime": 178.865818,
        "RuntimeClustering": 9.176947
    },
    "1-25-625 0": {
        "EU": 12294.92,
        "ED": 22084.66,
        "Spot": 661.88,
        "LU": 41.83,
        "LD": 0.0,
        "Objective": 35083.29,
        "Runtime": 178.750992,
        "RuntimeClustering": 7.209262
    },
    "1-25-625 1": {
        "EU": 11317.84,
        "ED": 18595.41,
        "Spot": 827.34,
        "LU": 516.74,
        "LD": 0.0,
        "Objective": 31257.33,
        "Runtime": 176.056961,
        "RuntimeClustering": 7.222228
    },
    "1-25-625 2": {
        "EU": 17892.73,
        "ED": 0.0,
        "Spot": 684.65,
        "LU": 0.0,
        "LD": 12937.93,
        "Objective": 31515.3,
        "Runtime": 175.713251,
        "RuntimeClustering": 7.131905
    },
    "1-27-730": {
        "EU": 0.0,
        "ED": 9016.34,
        "Spot": 3048.13,
        "LU": 7793.56,
        "LD": 5271.65,
        "Objective": 25129.68,
        "Runtime": 244.681307,
        "RuntimeClustering": 3.288764
    },
    "1-27-730 0": {
        "EU": 3512.89,
        "ED": 0.0,
        "Spot": 2203.22,
        "LU": 5621.88,
        "LD": 12963.92,
        "Objective": 24301.91,
        "Runtime": 237.623665,
        "RuntimeClustering": 3.117062
    },
    "1-27-730 1": {
        "EU": 20662.23,
        "ED": 0.0,
        "Spot": 621.58,
        "LU": 0.0,
        "LD": 12963.92,
        "Objective": 34247.73,
        "Runtime": 242.016572,
        "RuntimeClustering": 3.103273
    },
    "1-27-730 2": {
        "EU": 1043.74,
        "ED": 0.0,
        "Spot": 2843.52,
        "LU": 7030.82,
        "LD": 12963.92,
        "Objective": 23882.01,
        "Runtime": 244.264321,
        "RuntimeClustering": 3.140978
    }
}