{
    "1-1-1 0": {
        "EU": 11145.69,
        "ED": 280.28,
        "Spot": 3010.45,
        "LU": 1060.72,
        "LD": 3697.21,
        "Objective": 19194.34,
        "EEV": 18890.87,
        "WS": 20077.62,
        "Runtime": 0.045479,
        "RuntimeClustering": 0.111071
    },
    "1-2-4 0": {
        "EU": 1197.8,
        "ED": 0.0,
        "Spot": 1605.71,
        "LU": 4515.42,
        "LD": 9058.63,
        "Objective": 16377.56,
        "EEV": 14875.86,
        "WS": 17967.22,
        "Runtime": 0.077013,
        "RuntimeClustering": 0.221925
    },
    "1-2-4 1": {
        "EU": 1197.8,
        "ED": 0.0,
        "Spot": 1605.71,
        "LU": 4515.42,
        "LD": 9058.63,
        "Objective": 16377.56,
        "EEV": 14875.86,
        "WS": 17967.22,
        "Runtime": 0.095745,
        "RuntimeClustering": 0.214465
    },
    "1-2-4 2": {
        "EU": 7158.99,
        "ED": 0.0,
        "Spot": 584.47,
        "LU": 1568.59,
        "LD": 8730.98,
        "Objective": 18043.03,
        "EEV": 18040.8,
        "WS": 18878.6,
        "Runtime": 0.080268,
        "RuntimeClustering": 0.259684
    },
    "1-5-25 0": {
        "EU": 10552.84,
        "ED": 22302.78,
        "Spot": 433.84,
        "LU": 0.0,
        "LD": 0.0,
        "Objective": 33289.45,
        "EEV": 33289.45,
        "WS": 39016.67,
        "Runtime": 0.648701,
        "RuntimeClustering": 2.751985
    },
    "1-5-25 1": {
        "EU": 12349.72,
        "ED": 22084.66,
        "Spot": 568.64,
        "LU": 0.0,
        "LD": 0.0,
        "Objective": 35003.01,
        "EEV": 35003.01,
        "WS": 38801.99,
        "Runtime": 0.647203,
        "RuntimeClustering": 2.748817
    },
    "1-5-25 2": {
        "EU": 0.0,
        "ED": 11311.94,
        "Spot": 2376.75,
        "LU": 7732.8,
        "LD": 2464.05,
        "Objective": 23885.54,
        "EEV": 23769.31,
        "WS": 29985.28,
        "Runtime": 0.627809,
        "RuntimeClustering": 2.827183
    },
    "1-10-100 0": {
        "EU": 301.26,
        "ED": 37610.91,
        "Spot": 2080.71,
        "LU": 7693.02,
        "LD": 0.0,
        "Objective": 47685.91,
        "EEV": 47658.74,
        "WS": 52640.25,
        "Runtime": 5.627294,
        "RuntimeClustering": 24.045599
    },
    "1-10-100 1": {
        "EU": 17381.98,
        "ED": 0.0,
        "Spot": 648.07,
        "LU": 0.0,
        "LD": 12324.47,
        "Objective": 30354.52,
        "EEV": 28740.14,
        "WS": 36017.89,
        "Runtime": 5.595703,
        "RuntimeClustering": 24.523197
    },
    "1-10-100 2": {
        "EU": 17664.54,
        "ED": 0.0,
        "Spot": 620.44,
        "LU": 0.0,
        "LD": 12286.0,
        "Objective": 30570.98,
        "EEV": 30570.98,
        "WS": 33654.93,
        "Runtime": 5.654273,
        "RuntimeClustering": 25.727379
    },
    "1-15-225 0": {
        "EU": 11900.86,
        "ED": 23534.28,
        "Spot": 770.8,
        "LU": 57.71,
        "LD": 0.0,
        "Objective": 36263.65,
        "EEV": 36260.23,
        "WS": 43413.69,
        "Runtime": 24.966188,
        "RuntimeClustering": 60.551914
    },
    "1-15-225 1": {
        "EU": 0.0,
        "ED": 4732.62,
        "Spot": 3145.05,
        "LU": 7546.2,
        "LD": 8542.57,
        "Objective": 23966.43,
        "EEV": 23717.38,
        "WS": 28718.22,
        "Runtime": 25.076539,
        "RuntimeClustering": 61.309432
    },
    "1-15-225 2": {
        "EU": 0.0,
        "ED": 0.0,
        "Spot": 2840.83,
        "LU": 7804.61,
        "LD": 12457.09,
        "Objective": 23102.53,
        "EEV": 23102.53,
        "WS": 25733.22,
        "Runtime": 25.325191,
        "RuntimeClustering": 59.330879
    },
    "1-20-400 0": {
        "EU": 0.0,
        "ED": 7385.14,
        "Spot": 3237.28,
        "LU": 7588.95,
        "LD": 6255.54,
        "Objective": 24466.91,
        "EEV": 23573.54,
        "WS": 31854.69,
        "Runtime": 72.976029,
        "RuntimeClustering": 54.650294
    },
    "1-20-400 1": {
        "EU": 11306.16,
        "ED": 18595.41,
        "Spot": 765.69,
        "LU": 554.53,
        "LD": 0.0,
        "Objective": 31221.8,
        "EEV": 31211.84,
        "WS": 38895.63,
        "Runtime": 72.932874,
        "RuntimeClustering": 51.453161
    },
    "1-20-400 2": {
        "EU": 0.0,
        "ED": 0.0,
        "Spot": 3208.61,
        "LU": 7599.89,
        "LD": 12826.93,
        "Objective": 23635.43,
        "EEV": 23635.43,
        "WS": 25377.92,
        "Runtime": 73.289506,
        "RuntimeClustering": 49.323504
    },
    "1-25-625 0": {
        "EU": 12294.92,
        "ED": 22084.66,
        "Spot": 661.88,
        "LU": 41.83,
        "LD": 0.0,
        "Objective": 35083.29,
        "EEV": 35081.48,
        "WS": 41895.31,
        "Runtime": 181.111946,
        "RuntimeClustering": 7.209262
    },
    "1-25-625 1": {
        "EU": 11317.84,
        "ED": 18595.41,
        "Spot": 827.34,
        "LU": 516.74,
        "LD": 0.0,
        "Objective": 31257.33,
        "EEV": 31241.82,
        "WS": 38801.24,
        "Runtime": 183.231214,
        "RuntimeClustering": 7.222228
    },
    "1-25-625 2": {
        "EU": 17892.73,
        "ED": 0.0,
        "Spot": 684.65,
        "LU": 0.0,
        "LD": 12937.93,
        "Objective": 31515.3,
        "EEV": 31515.3,
        "WS": 33768.17,
        "Runtime": 178.424136,
        "RuntimeClustering": 7.131905
    },
    "1-27-730 0": {
        "EU": 3512.89,
        "ED": 0.0,
        "Spot": 2203.22,
        "LU": 5621.88,
        "LD": 12963.92,
        "Objective": 24301.91,
        "EEV": 24217.62,
        "WS": 27447.77,
        "Runtime": 260.200757,
        "RuntimeClustering": 3.117062
    },
    "1-27-730 1": {
        "EU": 20662.23,
        "ED": 0.0,
        "Spot": 808.92,
        "LU": 0.0,
        "LD": 12963.92,
        "Objective": 34435.07,
        "EEV": 33075.82,
        "WS": 38146.3,
        "Runtime": 233.206186,
        "RuntimeClustering": 3.092281
    },
    "1-27-730 2": {
        "EU": 1043.74,
        "ED": 0.0,
        "Spot": 3107.22,
        "LU": 6999.66,
        "LD": 12963.92,
        "Objective": 24114.55,
        "EEV": 23850.9,
        "WS": 27629.03,
        "Runtime": 231.890285,
        "RuntimeClustering": 3.140978
    },
    "1-27-730 160": {
        "EU": 2749.41,
        "ED": 0.0,
        "Spot": 2772.23,
        "LU": 5929.6,
        "LD": 12963.92,
        "Objective": 24415.16,
        "EEV": 22230.03,
        "WS": 29629.21,
        "Runtime": 246.194908,
        "RuntimeClustering": 3.435637
    },
    "1-27-730 1364": {
        "EU": 3144.3,
        "ED": 0.0,
        "Spot": 879.95,
        "LU": 6884.78,
        "LD": 12943.59,
        "Objective": 23852.61,
        "EEV": 22469.25,
        "WS": 29629.21,
        "Runtime": 271.57,
        "RuntimeClustering": 3.150203
    },
    "1-27-730 2972": {
        "EU": 2749.41,
        "ED": 0.0,
        "Spot": 2772.23,
        "LU": 5929.6,
        "LD": 12963.92,
        "Objective": 24415.16,
        "EEV": 22469.25,
        "WS": 29629.21,
        "Runtime": 184.633613,
        "RuntimeClustering": 109.245108,
        "RuntimeWS": 9.726841,
        "EU_WS": 5299.2,
        "ED_WS": 4131.93,
        "Spot_WS": 2439.88,
        "LU_WS": 6416.02,
        "LD_WS": 11342.18,
        "EU_EEV": 3144.3,
        "ED_EEV": 2768.15,
        "Spot_EEV": 2626.37,
        "LU_EEV": 5659.1,
        "LD_EEV": 8271.33,
        "RuntimeEEV": 403.72
    }
}