Names,Var
EU,878.5644896136286
ED,2209.754486719819
Spot,16690.6015374084
LU,3132.58069373815
LD,13497.84259445665
